<?xml version='1.0' encoding='UTF-8'?>
<?artifactRepository version='1.1.0'?>
<repository name='file:/G:/workspace/Anypointworkspace/business-service-providers-connector/target/update-site/ - artifacts' type='org.eclipse.equinox.p2.artifact.repository.simpleRepository' version='1'>
  <properties size='2'>
    <property name='p2.timestamp' value='1500792851463'/>
    <property name='p2.compressed' value='false'/>
  </properties>
  <mappings size='3'>
    <rule filter='(&amp; (classifier=osgi.bundle))' output='${repoUrl}/plugins/${id}_${version}.jar'/>
    <rule filter='(&amp; (classifier=binary))' output='${repoUrl}/binary/${id}_${version}'/>
    <rule filter='(&amp; (classifier=org.eclipse.update.feature))' output='${repoUrl}/features/${id}_${version}.jar'/>
  </mappings>
  <artifacts size='2'>
    <artifact classifier='osgi.bundle' id='org.mule.tooling.ui.contribution.business-service-providers.3.5.0' version='1.0.0.201707230254'>
      <properties size='3'>
        <property name='artifact.size' value='399146'/>
        <property name='download.size' value='399146'/>
        <property name='download.md5' value='ea72272d92d25a46cbcd711df4933f6c'/>
      </properties>
    </artifact>
    <artifact classifier='org.eclipse.update.feature' id='org.mule.tooling.ui.extension.business-service-providers-connector.3.5.0' version='1.0.0.201707230254'>
      <properties size='4'>
        <property name='artifact.size' value='662'/>
        <property name='download.size' value='662'/>
        <property name='download.md5' value='594a1180570bd1d928f28aea08b7c774'/>
        <property name='download.contentType' value='application/zip'/>
      </properties>
    </artifact>
  </artifacts>
</repository>
